<?xml version="1.0" encoding="iso-8859-1" standalone="yes"?>
<calypso:calypsoDocument xmlns:calculationserver="http://www.calypso.com/calculationserver" xmlns:matching="http://www.calypso.com/matching" xmlns:collateral="http://www.calypso.com/collateral" xmlns:pricingsheet="http://www.calypso.com/pricingsheet" xmlns:taskstation="http://www.calypso.com/taskstation" xmlns:calypso="http://www.calypso.com/xml" xmlns:pricingscript="http://www.calypso.com/pricingscript" xmlns:scriptableOTC="http://www.calypso.com/scriptableOTC" xmlns:liquidityreporting="http://www.calypso.com/liquidityreporting" xmlns:bondexoticnote="http://www.calypso.com/bondexoticnote">
    <calypso:calypsoObject xsi:type="calypso:DomainItem" action="" xmlns:xsi="http://www.w3.org/2001/XMLSchema-instance">
        <calypso:domainName>Swap.subtype</calypso:domainName>
        <calypso:value>Standard</calypso:value>
        <calypso:domainNameDV>
            <calypso:domainValue>
                <calypso:type>com.calypso.tk.refdata.DomainValueAdapter</calypso:type>
                <calypso:separator>#</calypso:separator>
                <calypso:identifier code="domainName#Swap.subtype" codifier="convention"/>
                <calypso:calypsoBusinessKey>
                    <calypso:propertyName>domainName</calypso:propertyName>
                    <calypso:propertyValue>domainName</calypso:propertyValue>
                </calypso:calypsoBusinessKey>
                <calypso:calypsoBusinessKey>
                    <calypso:propertyName>value</calypso:propertyName>
                    <calypso:propertyValue>Swap.subtype</calypso:propertyValue>
                </calypso:calypsoBusinessKey>
            </calypso:domainValue>
        </calypso:domainNameDV>
    </calypso:calypsoObject>
</calypso:calypsoDocument>
