<?xml version="1.0" encoding="iso-8859-1" standalone="yes"?>
<calypso:calypsoDocument xmlns:calculationserver="http://www.calypso.com/calculationserver" xmlns:matching="http://www.calypso.com/matching" xmlns:collateral="http://www.calypso.com/collateral" xmlns:pricingsheet="http://www.calypso.com/pricingsheet" xmlns:taskstation="http://www.calypso.com/taskstation" xmlns:calypso="http://www.calypso.com/xml" xmlns:pricingscript="http://www.calypso.com/pricingscript" xmlns:scriptableOTC="http://www.calypso.com/scriptableOTC" xmlns:liquidityreporting="http://www.calypso.com/liquidityreporting" xmlns:bondexoticnote="http://www.calypso.com/bondexoticnote">
    <calypso:calypsoObject xsi:type="calypso:TradeFilter" version="14-0" action="" xmlns:xsi="http://www.w3.org/2001/XMLSchema-instance">
        <calypso:name>TriOptima_IRD</calypso:name>
        <calypso:createdBy>calypso_user</calypso:createdBy>
        <calypso:criterions>
            <calypso:name>ProductType</calypso:name>
            <calypso:values xsi:type="calypso:SimpleTypedObject">
                <calypso:value xsi:type="ns12:string" xmlns:ns12="http://www.w3.org/2001/XMLSchema">FRA</calypso:value>
            </calypso:values>
            <calypso:values xsi:type="calypso:SimpleTypedObject">
                <calypso:value xsi:type="ns12:string" xmlns:ns12="http://www.w3.org/2001/XMLSchema">Swap</calypso:value>
            </calypso:values>
            <calypso:inclusion>true</calypso:inclusion>
        </calypso:criterions>
        <calypso:criterions>
            <calypso:name>SubType</calypso:name>
            <calypso:values xsi:type="calypso:SimpleTypedObject">
                <calypso:value xsi:type="ns12:string" xmlns:ns12="http://www.w3.org/2001/XMLSchema">FRA.InArrear</calypso:value>
            </calypso:values>
            <calypso:values xsi:type="calypso:SimpleTypedObject">
                <calypso:value xsi:type="ns12:string" xmlns:ns12="http://www.w3.org/2001/XMLSchema">FRA.Standard</calypso:value>
            </calypso:values>
            <calypso:values xsi:type="calypso:SimpleTypedObject">
                <calypso:value xsi:type="ns12:string" xmlns:ns12="http://www.w3.org/2001/XMLSchema">Swap.Arrear</calypso:value>
            </calypso:values>
            <calypso:values xsi:type="calypso:SimpleTypedObject">
                <calypso:value xsi:type="ns12:string" xmlns:ns12="http://www.w3.org/2001/XMLSchema">Swap.Standard</calypso:value>
            </calypso:values>
            <calypso:inclusion>true</calypso:inclusion>
        </calypso:criterions>
        <calypso:includePositionBased>true</calypso:includePositionBased>
        <calypso:includeExchangeTraded>true</calypso:includeExchangeTraded>
        <calypso:useCache>false</calypso:useCache>
        <calypso:maturityDateTenorMin>0</calypso:maturityDateTenorMin>
        <calypso:checkHolidays>false</calypso:checkHolidays>
        <calypso:expirationInCache>0</calypso:expirationInCache>
        <calypso:productTypes>
            <calypso:domainValue>
                <calypso:type>com.calypso.tk.refdata.DomainValueAdapter</calypso:type>
                <calypso:separator>#</calypso:separator>
                <calypso:identifier code="productType#FRA" codifier="convention"/>
                <calypso:calypsoBusinessKey>
                    <calypso:propertyName>domainName</calypso:propertyName>
                    <calypso:propertyValue>productType</calypso:propertyValue>
                </calypso:calypsoBusinessKey>
                <calypso:calypsoBusinessKey>
                    <calypso:propertyName>value</calypso:propertyName>
                    <calypso:propertyValue>FRA</calypso:propertyValue>
                </calypso:calypsoBusinessKey>
            </calypso:domainValue>
        </calypso:productTypes>
        <calypso:productTypes>
            <calypso:domainValue>
                <calypso:type>com.calypso.tk.refdata.DomainValueAdapter</calypso:type>
                <calypso:separator>#</calypso:separator>
                <calypso:identifier code="productType#Swap" codifier="convention"/>
                <calypso:calypsoBusinessKey>
                    <calypso:propertyName>domainName</calypso:propertyName>
                    <calypso:propertyValue>productType</calypso:propertyValue>
                </calypso:calypsoBusinessKey>
                <calypso:calypsoBusinessKey>
                    <calypso:propertyName>value</calypso:propertyName>
                    <calypso:propertyValue>Swap</calypso:propertyValue>
                </calypso:calypsoBusinessKey>
            </calypso:domainValue>
        </calypso:productTypes>
        <calypso:productSubtype>
            <calypso:productType>
                <calypso:domainValue>
                    <calypso:type>com.calypso.tk.refdata.DomainValueAdapter</calypso:type>
                    <calypso:separator>#</calypso:separator>
                    <calypso:identifier code="productType#FRA" codifier="convention"/>
                    <calypso:calypsoBusinessKey>
                        <calypso:propertyName>domainName</calypso:propertyName>
                        <calypso:propertyValue>productType</calypso:propertyValue>
                    </calypso:calypsoBusinessKey>
                    <calypso:calypsoBusinessKey>
                        <calypso:propertyName>value</calypso:propertyName>
                        <calypso:propertyValue>FRA</calypso:propertyValue>
                    </calypso:calypsoBusinessKey>
                </calypso:domainValue>
            </calypso:productType>
            <calypso:productSubtype>
                <calypso:domainValue>
                    <calypso:type>com.calypso.tk.refdata.DomainValueAdapter</calypso:type>
                    <calypso:separator>#</calypso:separator>
                    <calypso:identifier code="FRA.subtype#InArrear" codifier="convention"/>
                    <calypso:calypsoBusinessKey>
                        <calypso:propertyName>domainName</calypso:propertyName>
                        <calypso:propertyValue>FRA.subtype</calypso:propertyValue>
                    </calypso:calypsoBusinessKey>
                    <calypso:calypsoBusinessKey>
                        <calypso:propertyName>value</calypso:propertyName>
                        <calypso:propertyValue>InArrear</calypso:propertyValue>
                    </calypso:calypsoBusinessKey>
                </calypso:domainValue>
            </calypso:productSubtype>
        </calypso:productSubtype>
        <calypso:productSubtype>
            <calypso:productType>
                <calypso:domainValue>
                    <calypso:type>com.calypso.tk.refdata.DomainValueAdapter</calypso:type>
                    <calypso:separator>#</calypso:separator>
                    <calypso:identifier code="productType#FRA" codifier="convention"/>
                    <calypso:calypsoBusinessKey>
                        <calypso:propertyName>domainName</calypso:propertyName>
                        <calypso:propertyValue>productType</calypso:propertyValue>
                    </calypso:calypsoBusinessKey>
                    <calypso:calypsoBusinessKey>
                        <calypso:propertyName>value</calypso:propertyName>
                        <calypso:propertyValue>FRA</calypso:propertyValue>
                    </calypso:calypsoBusinessKey>
                </calypso:domainValue>
            </calypso:productType>
            <calypso:productSubtype>
                <calypso:domainValue>
                    <calypso:type>com.calypso.tk.refdata.DomainValueAdapter</calypso:type>
                    <calypso:separator>#</calypso:separator>
                    <calypso:identifier code="FRA.subtype#Standard" codifier="convention"/>
                    <calypso:calypsoBusinessKey>
                        <calypso:propertyName>domainName</calypso:propertyName>
                        <calypso:propertyValue>FRA.subtype</calypso:propertyValue>
                    </calypso:calypsoBusinessKey>
                    <calypso:calypsoBusinessKey>
                        <calypso:propertyName>value</calypso:propertyName>
                        <calypso:propertyValue>Standard</calypso:propertyValue>
                    </calypso:calypsoBusinessKey>
                </calypso:domainValue>
            </calypso:productSubtype>
        </calypso:productSubtype>
        <calypso:productSubtype>
            <calypso:productType>
                <calypso:domainValue>
                    <calypso:type>com.calypso.tk.refdata.DomainValueAdapter</calypso:type>
                    <calypso:separator>#</calypso:separator>
                    <calypso:identifier code="productType#Swap" codifier="convention"/>
                    <calypso:calypsoBusinessKey>
                        <calypso:propertyName>domainName</calypso:propertyName>
                        <calypso:propertyValue>productType</calypso:propertyValue>
                    </calypso:calypsoBusinessKey>
                    <calypso:calypsoBusinessKey>
                        <calypso:propertyName>value</calypso:propertyName>
                        <calypso:propertyValue>Swap</calypso:propertyValue>
                    </calypso:calypsoBusinessKey>
                </calypso:domainValue>
            </calypso:productType>
            <calypso:productSubtype>
                <calypso:domainValue>
                    <calypso:type>com.calypso.tk.refdata.DomainValueAdapter</calypso:type>
                    <calypso:separator>#</calypso:separator>
                    <calypso:identifier code="Swap.subtype#Arrear" codifier="convention"/>
                    <calypso:calypsoBusinessKey>
                        <calypso:propertyName>domainName</calypso:propertyName>
                        <calypso:propertyValue>Swap.subtype</calypso:propertyValue>
                    </calypso:calypsoBusinessKey>
                    <calypso:calypsoBusinessKey>
                        <calypso:propertyName>value</calypso:propertyName>
                        <calypso:propertyValue>Arrear</calypso:propertyValue>
                    </calypso:calypsoBusinessKey>
                </calypso:domainValue>
            </calypso:productSubtype>
        </calypso:productSubtype>
        <calypso:productSubtype>
            <calypso:productType>
                <calypso:domainValue>
                    <calypso:type>com.calypso.tk.refdata.DomainValueAdapter</calypso:type>
                    <calypso:separator>#</calypso:separator>
                    <calypso:identifier code="productType#Swap" codifier="convention"/>
                    <calypso:calypsoBusinessKey>
                        <calypso:propertyName>domainName</calypso:propertyName>
                        <calypso:propertyValue>productType</calypso:propertyValue>
                    </calypso:calypsoBusinessKey>
                    <calypso:calypsoBusinessKey>
                        <calypso:propertyName>value</calypso:propertyName>
                        <calypso:propertyValue>Swap</calypso:propertyValue>
                    </calypso:calypsoBusinessKey>
                </calypso:domainValue>
            </calypso:productType>
            <calypso:productSubtype>
                <calypso:domainValue>
                    <calypso:type>com.calypso.tk.refdata.DomainValueAdapter</calypso:type>
                    <calypso:separator>#</calypso:separator>
                    <calypso:identifier code="Swap.subtype#Standard" codifier="convention"/>
                    <calypso:calypsoBusinessKey>
                        <calypso:propertyName>domainName</calypso:propertyName>
                        <calypso:propertyValue>Swap.subtype</calypso:propertyValue>
                    </calypso:calypsoBusinessKey>
                    <calypso:calypsoBusinessKey>
                        <calypso:propertyName>value</calypso:propertyName>
                        <calypso:propertyValue>Standard</calypso:propertyValue>
                    </calypso:calypsoBusinessKey>
                </calypso:domainValue>
            </calypso:productSubtype>
        </calypso:productSubtype>
    </calypso:calypsoObject>
</calypso:calypsoDocument>
