<?xml version="1.0" ?><calypso:items xmlns:calypso="http://www.calypso.com/xml"><calypso:item><calypso:identifiers><calypso:type>com.calypso.tk.refdata.DomainValueAdapter</calypso:type><calypso:separator>#</calypso:separator><calypso:identifier code="domainName#REPORT.Types" codifier="convention"></calypso:identifier><calypso:calypsoBusinessKey><calypso:com.calypso.jaxb.xml.BusinessKeyEntry><calypso:propertyName>domainName</calypso:propertyName><calypso:propertyValue>domainName</calypso:propertyValue></calypso:com.calypso.jaxb.xml.BusinessKeyEntry><calypso:com.calypso.jaxb.xml.BusinessKeyEntry><calypso:propertyName>value</calypso:propertyName><calypso:propertyValue>REPORT.Types</calypso:propertyValue></calypso:com.calypso.jaxb.xml.BusinessKeyEntry></calypso:calypsoBusinessKey></calypso:identifiers><calypso:dependencies></calypso:dependencies></calypso:item><calypso:item><calypso:identifiers><calypso:type>com.calypso.tk.refdata.DomainValueAdapter</calypso:type><calypso:separator>#</calypso:separator><calypso:identifier code="REPORT.Types#TriOptima" codifier="convention"></calypso:identifier><calypso:calypsoBusinessKey><calypso:com.calypso.jaxb.xml.BusinessKeyEntry><calypso:propertyName>domainName</calypso:propertyName><calypso:propertyValue>REPORT.Types</calypso:propertyValue></calypso:com.calypso.jaxb.xml.BusinessKeyEntry><calypso:com.calypso.jaxb.xml.BusinessKeyEntry><calypso:propertyName>value</calypso:propertyName><calypso:propertyValue>TriOptima</calypso:propertyValue></calypso:com.calypso.jaxb.xml.BusinessKeyEntry></calypso:calypsoBusinessKey></calypso:identifiers><calypso:dependencies><calypso:dependency><calypso:identifiers><calypso:type>com.calypso.tk.refdata.DomainValueAdapter</calypso:type><calypso:separator>#</calypso:separator><calypso:identifier code="domainName#REPORT.Types" codifier="convention"></calypso:identifier><calypso:calypsoBusinessKey><calypso:com.calypso.jaxb.xml.BusinessKeyEntry><calypso:propertyName>domainName</calypso:propertyName><calypso:propertyValue>domainName</calypso:propertyValue></calypso:com.calypso.jaxb.xml.BusinessKeyEntry><calypso:com.calypso.jaxb.xml.BusinessKeyEntry><calypso:propertyName>value</calypso:propertyName><calypso:propertyValue>REPORT.Types</calypso:propertyValue></calypso:com.calypso.jaxb.xml.BusinessKeyEntry></calypso:calypsoBusinessKey></calypso:identifiers><calypso:excluded>false</calypso:excluded></calypso:dependency></calypso:dependencies></calypso:item><calypso:item><calypso:identifiers><calypso:type>com.calypso.tk.refdata.DomainValueAdapter</calypso:type><calypso:separator>#</calypso:separator><calypso:identifier code="domainName#productType" codifier="convention"></calypso:identifier><calypso:calypsoBusinessKey><calypso:com.calypso.jaxb.xml.BusinessKeyEntry><calypso:propertyName>domainName</calypso:propertyName><calypso:propertyValue>domainName</calypso:propertyValue></calypso:com.calypso.jaxb.xml.BusinessKeyEntry><calypso:com.calypso.jaxb.xml.BusinessKeyEntry><calypso:propertyName>value</calypso:propertyName><calypso:propertyValue>productType</calypso:propertyValue></calypso:com.calypso.jaxb.xml.BusinessKeyEntry></calypso:calypsoBusinessKey></calypso:identifiers><calypso:dependencies></calypso:dependencies></calypso:item><calypso:item><calypso:identifiers><calypso:type>com.calypso.tk.refdata.DomainValueAdapter</calypso:type><calypso:separator>#</calypso:separator><calypso:identifier code="productType#FRA" codifier="convention"></calypso:identifier><calypso:calypsoBusinessKey><calypso:com.calypso.jaxb.xml.BusinessKeyEntry><calypso:propertyName>domainName</calypso:propertyName><calypso:propertyValue>productType</calypso:propertyValue></calypso:com.calypso.jaxb.xml.BusinessKeyEntry><calypso:com.calypso.jaxb.xml.BusinessKeyEntry><calypso:propertyName>value</calypso:propertyName><calypso:propertyValue>FRA</calypso:propertyValue></calypso:com.calypso.jaxb.xml.BusinessKeyEntry></calypso:calypsoBusinessKey></calypso:identifiers><calypso:dependencies><calypso:dependency><calypso:identifiers><calypso:type>com.calypso.tk.refdata.DomainValueAdapter</calypso:type><calypso:separator>#</calypso:separator><calypso:identifier code="domainName#productType" codifier="convention"></calypso:identifier><calypso:calypsoBusinessKey><calypso:com.calypso.jaxb.xml.BusinessKeyEntry><calypso:propertyName>domainName</calypso:propertyName><calypso:propertyValue>domainName</calypso:propertyValue></calypso:com.calypso.jaxb.xml.BusinessKeyEntry><calypso:com.calypso.jaxb.xml.BusinessKeyEntry><calypso:propertyName>value</calypso:propertyName><calypso:propertyValue>productType</calypso:propertyValue></calypso:com.calypso.jaxb.xml.BusinessKeyEntry></calypso:calypsoBusinessKey></calypso:identifiers><calypso:excluded>false</calypso:excluded></calypso:dependency></calypso:dependencies></calypso:item><calypso:item><calypso:identifiers><calypso:type>com.calypso.tk.refdata.DomainValueAdapter</calypso:type><calypso:separator>#</calypso:separator><calypso:identifier code="productType#Swap" codifier="convention"></calypso:identifier><calypso:calypsoBusinessKey><calypso:com.calypso.jaxb.xml.BusinessKeyEntry><calypso:propertyName>domainName</calypso:propertyName><calypso:propertyValue>productType</calypso:propertyValue></calypso:com.calypso.jaxb.xml.BusinessKeyEntry><calypso:com.calypso.jaxb.xml.BusinessKeyEntry><calypso:propertyName>value</calypso:propertyName><calypso:propertyValue>Swap</calypso:propertyValue></calypso:com.calypso.jaxb.xml.BusinessKeyEntry></calypso:calypsoBusinessKey></calypso:identifiers><calypso:dependencies><calypso:dependency><calypso:identifiers><calypso:type>com.calypso.tk.refdata.DomainValueAdapter</calypso:type><calypso:separator>#</calypso:separator><calypso:identifier code="domainName#productType" codifier="convention"></calypso:identifier><calypso:calypsoBusinessKey><calypso:com.calypso.jaxb.xml.BusinessKeyEntry><calypso:propertyName>domainName</calypso:propertyName><calypso:propertyValue>domainName</calypso:propertyValue></calypso:com.calypso.jaxb.xml.BusinessKeyEntry><calypso:com.calypso.jaxb.xml.BusinessKeyEntry><calypso:propertyName>value</calypso:propertyName><calypso:propertyValue>productType</calypso:propertyValue></calypso:com.calypso.jaxb.xml.BusinessKeyEntry></calypso:calypsoBusinessKey></calypso:identifiers><calypso:excluded>false</calypso:excluded></calypso:dependency></calypso:dependencies></calypso:item><calypso:item><calypso:identifiers><calypso:type>com.calypso.tk.refdata.DomainValueAdapter</calypso:type><calypso:separator>#</calypso:separator><calypso:identifier code="domainName#FRA.subtype" codifier="convention"></calypso:identifier><calypso:calypsoBusinessKey><calypso:com.calypso.jaxb.xml.BusinessKeyEntry><calypso:propertyName>domainName</calypso:propertyName><calypso:propertyValue>domainName</calypso:propertyValue></calypso:com.calypso.jaxb.xml.BusinessKeyEntry><calypso:com.calypso.jaxb.xml.BusinessKeyEntry><calypso:propertyName>value</calypso:propertyName><calypso:propertyValue>FRA.subtype</calypso:propertyValue></calypso:com.calypso.jaxb.xml.BusinessKeyEntry></calypso:calypsoBusinessKey></calypso:identifiers><calypso:dependencies></calypso:dependencies></calypso:item><calypso:item><calypso:identifiers><calypso:type>com.calypso.tk.refdata.DomainValueAdapter</calypso:type><calypso:separator>#</calypso:separator><calypso:identifier code="FRA.subtype#InArrear" codifier="convention"></calypso:identifier><calypso:calypsoBusinessKey><calypso:com.calypso.jaxb.xml.BusinessKeyEntry><calypso:propertyName>domainName</calypso:propertyName><calypso:propertyValue>FRA.subtype</calypso:propertyValue></calypso:com.calypso.jaxb.xml.BusinessKeyEntry><calypso:com.calypso.jaxb.xml.BusinessKeyEntry><calypso:propertyName>value</calypso:propertyName><calypso:propertyValue>InArrear</calypso:propertyValue></calypso:com.calypso.jaxb.xml.BusinessKeyEntry></calypso:calypsoBusinessKey></calypso:identifiers><calypso:dependencies><calypso:dependency><calypso:identifiers><calypso:type>com.calypso.tk.refdata.DomainValueAdapter</calypso:type><calypso:separator>#</calypso:separator><calypso:identifier code="domainName#FRA.subtype" codifier="convention"></calypso:identifier><calypso:calypsoBusinessKey><calypso:com.calypso.jaxb.xml.BusinessKeyEntry><calypso:propertyName>domainName</calypso:propertyName><calypso:propertyValue>domainName</calypso:propertyValue></calypso:com.calypso.jaxb.xml.BusinessKeyEntry><calypso:com.calypso.jaxb.xml.BusinessKeyEntry><calypso:propertyName>value</calypso:propertyName><calypso:propertyValue>FRA.subtype</calypso:propertyValue></calypso:com.calypso.jaxb.xml.BusinessKeyEntry></calypso:calypsoBusinessKey></calypso:identifiers><calypso:excluded>false</calypso:excluded></calypso:dependency></calypso:dependencies></calypso:item><calypso:item><calypso:identifiers><calypso:type>com.calypso.tk.refdata.DomainValueAdapter</calypso:type><calypso:separator>#</calypso:separator><calypso:identifier code="FRA.subtype#Standard" codifier="convention"></calypso:identifier><calypso:calypsoBusinessKey><calypso:com.calypso.jaxb.xml.BusinessKeyEntry><calypso:propertyName>domainName</calypso:propertyName><calypso:propertyValue>FRA.subtype</calypso:propertyValue></calypso:com.calypso.jaxb.xml.BusinessKeyEntry><calypso:com.calypso.jaxb.xml.BusinessKeyEntry><calypso:propertyName>value</calypso:propertyName><calypso:propertyValue>Standard</calypso:propertyValue></calypso:com.calypso.jaxb.xml.BusinessKeyEntry></calypso:calypsoBusinessKey></calypso:identifiers><calypso:dependencies><calypso:dependency><calypso:identifiers><calypso:type>com.calypso.tk.refdata.DomainValueAdapter</calypso:type><calypso:separator>#</calypso:separator><calypso:identifier code="domainName#FRA.subtype" codifier="convention"></calypso:identifier><calypso:calypsoBusinessKey><calypso:com.calypso.jaxb.xml.BusinessKeyEntry><calypso:propertyName>domainName</calypso:propertyName><calypso:propertyValue>domainName</calypso:propertyValue></calypso:com.calypso.jaxb.xml.BusinessKeyEntry><calypso:com.calypso.jaxb.xml.BusinessKeyEntry><calypso:propertyName>value</calypso:propertyName><calypso:propertyValue>FRA.subtype</calypso:propertyValue></calypso:com.calypso.jaxb.xml.BusinessKeyEntry></calypso:calypsoBusinessKey></calypso:identifiers><calypso:excluded>false</calypso:excluded></calypso:dependency></calypso:dependencies></calypso:item><calypso:item><calypso:identifiers><calypso:type>com.calypso.tk.refdata.DomainValueAdapter</calypso:type><calypso:separator>#</calypso:separator><calypso:identifier code="domainName#Swap.subtype" codifier="convention"></calypso:identifier><calypso:calypsoBusinessKey><calypso:com.calypso.jaxb.xml.BusinessKeyEntry><calypso:propertyName>domainName</calypso:propertyName><calypso:propertyValue>domainName</calypso:propertyValue></calypso:com.calypso.jaxb.xml.BusinessKeyEntry><calypso:com.calypso.jaxb.xml.BusinessKeyEntry><calypso:propertyName>value</calypso:propertyName><calypso:propertyValue>Swap.subtype</calypso:propertyValue></calypso:com.calypso.jaxb.xml.BusinessKeyEntry></calypso:calypsoBusinessKey></calypso:identifiers><calypso:dependencies></calypso:dependencies></calypso:item><calypso:item><calypso:identifiers><calypso:type>com.calypso.tk.refdata.DomainValueAdapter</calypso:type><calypso:separator>#</calypso:separator><calypso:identifier code="Swap.subtype#Arrear" codifier="convention"></calypso:identifier><calypso:calypsoBusinessKey><calypso:com.calypso.jaxb.xml.BusinessKeyEntry><calypso:propertyName>domainName</calypso:propertyName><calypso:propertyValue>Swap.subtype</calypso:propertyValue></calypso:com.calypso.jaxb.xml.BusinessKeyEntry><calypso:com.calypso.jaxb.xml.BusinessKeyEntry><calypso:propertyName>value</calypso:propertyName><calypso:propertyValue>Arrear</calypso:propertyValue></calypso:com.calypso.jaxb.xml.BusinessKeyEntry></calypso:calypsoBusinessKey></calypso:identifiers><calypso:dependencies><calypso:dependency><calypso:identifiers><calypso:type>com.calypso.tk.refdata.DomainValueAdapter</calypso:type><calypso:separator>#</calypso:separator><calypso:identifier code="domainName#Swap.subtype" codifier="convention"></calypso:identifier><calypso:calypsoBusinessKey><calypso:com.calypso.jaxb.xml.BusinessKeyEntry><calypso:propertyName>domainName</calypso:propertyName><calypso:propertyValue>domainName</calypso:propertyValue></calypso:com.calypso.jaxb.xml.BusinessKeyEntry><calypso:com.calypso.jaxb.xml.BusinessKeyEntry><calypso:propertyName>value</calypso:propertyName><calypso:propertyValue>Swap.subtype</calypso:propertyValue></calypso:com.calypso.jaxb.xml.BusinessKeyEntry></calypso:calypsoBusinessKey></calypso:identifiers><calypso:excluded>false</calypso:excluded></calypso:dependency></calypso:dependencies></calypso:item><calypso:item><calypso:identifiers><calypso:type>com.calypso.tk.refdata.DomainValueAdapter</calypso:type><calypso:separator>#</calypso:separator><calypso:identifier code="Swap.subtype#Standard" codifier="convention"></calypso:identifier><calypso:calypsoBusinessKey><calypso:com.calypso.jaxb.xml.BusinessKeyEntry><calypso:propertyName>domainName</calypso:propertyName><calypso:propertyValue>Swap.subtype</calypso:propertyValue></calypso:com.calypso.jaxb.xml.BusinessKeyEntry><calypso:com.calypso.jaxb.xml.BusinessKeyEntry><calypso:propertyName>value</calypso:propertyName><calypso:propertyValue>Standard</calypso:propertyValue></calypso:com.calypso.jaxb.xml.BusinessKeyEntry></calypso:calypsoBusinessKey></calypso:identifiers><calypso:dependencies><calypso:dependency><calypso:identifiers><calypso:type>com.calypso.tk.refdata.DomainValueAdapter</calypso:type><calypso:separator>#</calypso:separator><calypso:identifier code="domainName#Swap.subtype" codifier="convention"></calypso:identifier><calypso:calypsoBusinessKey><calypso:com.calypso.jaxb.xml.BusinessKeyEntry><calypso:propertyName>domainName</calypso:propertyName><calypso:propertyValue>domainName</calypso:propertyValue></calypso:com.calypso.jaxb.xml.BusinessKeyEntry><calypso:com.calypso.jaxb.xml.BusinessKeyEntry><calypso:propertyName>value</calypso:propertyName><calypso:propertyValue>Swap.subtype</calypso:propertyValue></calypso:com.calypso.jaxb.xml.BusinessKeyEntry></calypso:calypsoBusinessKey></calypso:identifiers><calypso:excluded>false</calypso:excluded></calypso:dependency></calypso:dependencies></calypso:item><calypso:item><calypso:identifiers><calypso:type>com.calypso.tk.mo.TradeFilter</calypso:type><calypso:identifier code="TriOptima_IRD" codifier="convention"></calypso:identifier><calypso:calypsoBusinessKey><calypso:com.calypso.jaxb.xml.BusinessKeyEntry><calypso:propertyName>name</calypso:propertyName><calypso:propertyValue>TriOptima_IRD</calypso:propertyValue></calypso:com.calypso.jaxb.xml.BusinessKeyEntry></calypso:calypsoBusinessKey></calypso:identifiers><calypso:dependencies><calypso:dependency><calypso:identifiers><calypso:type>com.calypso.tk.refdata.DomainValueAdapter</calypso:type><calypso:separator>#</calypso:separator><calypso:identifier code="FRA.subtype#InArrear" codifier="convention"></calypso:identifier><calypso:calypsoBusinessKey><calypso:com.calypso.jaxb.xml.BusinessKeyEntry><calypso:propertyName>domainName</calypso:propertyName><calypso:propertyValue>FRA.subtype</calypso:propertyValue></calypso:com.calypso.jaxb.xml.BusinessKeyEntry><calypso:com.calypso.jaxb.xml.BusinessKeyEntry><calypso:propertyName>value</calypso:propertyName><calypso:propertyValue>InArrear</calypso:propertyValue></calypso:com.calypso.jaxb.xml.BusinessKeyEntry></calypso:calypsoBusinessKey></calypso:identifiers><calypso:excluded>false</calypso:excluded></calypso:dependency><calypso:dependency><calypso:identifiers><calypso:type>com.calypso.tk.refdata.DomainValueAdapter</calypso:type><calypso:separator>#</calypso:separator><calypso:identifier code="productType#FRA" codifier="convention"></calypso:identifier><calypso:calypsoBusinessKey><calypso:com.calypso.jaxb.xml.BusinessKeyEntry><calypso:propertyName>domainName</calypso:propertyName><calypso:propertyValue>productType</calypso:propertyValue></calypso:com.calypso.jaxb.xml.BusinessKeyEntry><calypso:com.calypso.jaxb.xml.BusinessKeyEntry><calypso:propertyName>value</calypso:propertyName><calypso:propertyValue>FRA</calypso:propertyValue></calypso:com.calypso.jaxb.xml.BusinessKeyEntry></calypso:calypsoBusinessKey></calypso:identifiers><calypso:excluded>false</calypso:excluded></calypso:dependency><calypso:dependency><calypso:identifiers><calypso:type>com.calypso.tk.refdata.DomainValueAdapter</calypso:type><calypso:separator>#</calypso:separator><calypso:identifier code="FRA.subtype#Standard" codifier="convention"></calypso:identifier><calypso:calypsoBusinessKey><calypso:com.calypso.jaxb.xml.BusinessKeyEntry><calypso:propertyName>domainName</calypso:propertyName><calypso:propertyValue>FRA.subtype</calypso:propertyValue></calypso:com.calypso.jaxb.xml.BusinessKeyEntry><calypso:com.calypso.jaxb.xml.BusinessKeyEntry><calypso:propertyName>value</calypso:propertyName><calypso:propertyValue>Standard</calypso:propertyValue></calypso:com.calypso.jaxb.xml.BusinessKeyEntry></calypso:calypsoBusinessKey></calypso:identifiers><calypso:excluded>false</calypso:excluded></calypso:dependency><calypso:dependency><calypso:identifiers><calypso:type>com.calypso.tk.refdata.DomainValueAdapter</calypso:type><calypso:separator>#</calypso:separator><calypso:identifier code="productType#FRA" codifier="convention"></calypso:identifier><calypso:calypsoBusinessKey><calypso:com.calypso.jaxb.xml.BusinessKeyEntry><calypso:propertyName>domainName</calypso:propertyName><calypso:propertyValue>productType</calypso:propertyValue></calypso:com.calypso.jaxb.xml.BusinessKeyEntry><calypso:com.calypso.jaxb.xml.BusinessKeyEntry><calypso:propertyName>value</calypso:propertyName><calypso:propertyValue>FRA</calypso:propertyValue></calypso:com.calypso.jaxb.xml.BusinessKeyEntry></calypso:calypsoBusinessKey></calypso:identifiers><calypso:excluded>false</calypso:excluded></calypso:dependency><calypso:dependency><calypso:identifiers><calypso:type>com.calypso.tk.refdata.DomainValueAdapter</calypso:type><calypso:separator>#</calypso:separator><calypso:identifier code="Swap.subtype#Arrear" codifier="convention"></calypso:identifier><calypso:calypsoBusinessKey><calypso:com.calypso.jaxb.xml.BusinessKeyEntry><calypso:propertyName>domainName</calypso:propertyName><calypso:propertyValue>Swap.subtype</calypso:propertyValue></calypso:com.calypso.jaxb.xml.BusinessKeyEntry><calypso:com.calypso.jaxb.xml.BusinessKeyEntry><calypso:propertyName>value</calypso:propertyName><calypso:propertyValue>Arrear</calypso:propertyValue></calypso:com.calypso.jaxb.xml.BusinessKeyEntry></calypso:calypsoBusinessKey></calypso:identifiers><calypso:excluded>false</calypso:excluded></calypso:dependency><calypso:dependency><calypso:identifiers><calypso:type>com.calypso.tk.refdata.DomainValueAdapter</calypso:type><calypso:separator>#</calypso:separator><calypso:identifier code="productType#Swap" codifier="convention"></calypso:identifier><calypso:calypsoBusinessKey><calypso:com.calypso.jaxb.xml.BusinessKeyEntry><calypso:propertyName>domainName</calypso:propertyName><calypso:propertyValue>productType</calypso:propertyValue></calypso:com.calypso.jaxb.xml.BusinessKeyEntry><calypso:com.calypso.jaxb.xml.BusinessKeyEntry><calypso:propertyName>value</calypso:propertyName><calypso:propertyValue>Swap</calypso:propertyValue></calypso:com.calypso.jaxb.xml.BusinessKeyEntry></calypso:calypsoBusinessKey></calypso:identifiers><calypso:excluded>false</calypso:excluded></calypso:dependency><calypso:dependency><calypso:identifiers><calypso:type>com.calypso.tk.refdata.DomainValueAdapter</calypso:type><calypso:separator>#</calypso:separator><calypso:identifier code="Swap.subtype#Standard" codifier="convention"></calypso:identifier><calypso:calypsoBusinessKey><calypso:com.calypso.jaxb.xml.BusinessKeyEntry><calypso:propertyName>domainName</calypso:propertyName><calypso:propertyValue>Swap.subtype</calypso:propertyValue></calypso:com.calypso.jaxb.xml.BusinessKeyEntry><calypso:com.calypso.jaxb.xml.BusinessKeyEntry><calypso:propertyName>value</calypso:propertyName><calypso:propertyValue>Standard</calypso:propertyValue></calypso:com.calypso.jaxb.xml.BusinessKeyEntry></calypso:calypsoBusinessKey></calypso:identifiers><calypso:excluded>false</calypso:excluded></calypso:dependency><calypso:dependency><calypso:identifiers><calypso:type>com.calypso.tk.refdata.DomainValueAdapter</calypso:type><calypso:separator>#</calypso:separator><calypso:identifier code="productType#Swap" codifier="convention"></calypso:identifier><calypso:calypsoBusinessKey><calypso:com.calypso.jaxb.xml.BusinessKeyEntry><calypso:propertyName>domainName</calypso:propertyName><calypso:propertyValue>productType</calypso:propertyValue></calypso:com.calypso.jaxb.xml.BusinessKeyEntry><calypso:com.calypso.jaxb.xml.BusinessKeyEntry><calypso:propertyName>value</calypso:propertyName><calypso:propertyValue>Swap</calypso:propertyValue></calypso:com.calypso.jaxb.xml.BusinessKeyEntry></calypso:calypsoBusinessKey></calypso:identifiers><calypso:excluded>false</calypso:excluded></calypso:dependency><calypso:dependency><calypso:identifiers><calypso:type>com.calypso.tk.refdata.DomainValueAdapter</calypso:type><calypso:separator>#</calypso:separator><calypso:identifier code="productType#FRA" codifier="convention"></calypso:identifier><calypso:calypsoBusinessKey><calypso:com.calypso.jaxb.xml.BusinessKeyEntry><calypso:propertyName>domainName</calypso:propertyName><calypso:propertyValue>productType</calypso:propertyValue></calypso:com.calypso.jaxb.xml.BusinessKeyEntry><calypso:com.calypso.jaxb.xml.BusinessKeyEntry><calypso:propertyName>value</calypso:propertyName><calypso:propertyValue>FRA</calypso:propertyValue></calypso:com.calypso.jaxb.xml.BusinessKeyEntry></calypso:calypsoBusinessKey></calypso:identifiers><calypso:excluded>false</calypso:excluded></calypso:dependency><calypso:dependency><calypso:identifiers><calypso:type>com.calypso.tk.refdata.DomainValueAdapter</calypso:type><calypso:separator>#</calypso:separator><calypso:identifier code="productType#Swap" codifier="convention"></calypso:identifier><calypso:calypsoBusinessKey><calypso:com.calypso.jaxb.xml.BusinessKeyEntry><calypso:propertyName>domainName</calypso:propertyName><calypso:propertyValue>productType</calypso:propertyValue></calypso:com.calypso.jaxb.xml.BusinessKeyEntry><calypso:com.calypso.jaxb.xml.BusinessKeyEntry><calypso:propertyName>value</calypso:propertyName><calypso:propertyValue>Swap</calypso:propertyValue></calypso:com.calypso.jaxb.xml.BusinessKeyEntry></calypso:calypsoBusinessKey></calypso:identifiers><calypso:excluded>false</calypso:excluded></calypso:dependency></calypso:dependencies></calypso:item><calypso:item><calypso:identifiers><calypso:type>com.calypso.tk.refdata.DomainValueAdapter</calypso:type><calypso:separator>#</calypso:separator><calypso:identifier code="domainName#tradeStatus" codifier="convention"></calypso:identifier><calypso:calypsoBusinessKey><calypso:com.calypso.jaxb.xml.BusinessKeyEntry><calypso:propertyName>domainName</calypso:propertyName><calypso:propertyValue>domainName</calypso:propertyValue></calypso:com.calypso.jaxb.xml.BusinessKeyEntry><calypso:com.calypso.jaxb.xml.BusinessKeyEntry><calypso:propertyName>value</calypso:propertyName><calypso:propertyValue>tradeStatus</calypso:propertyValue></calypso:com.calypso.jaxb.xml.BusinessKeyEntry></calypso:calypsoBusinessKey></calypso:identifiers><calypso:dependencies></calypso:dependencies></calypso:item><calypso:item><calypso:identifiers><calypso:type>com.calypso.tk.refdata.DomainValueAdapter</calypso:type><calypso:separator>#</calypso:separator><calypso:identifier code="tradeStatus#VERIFIED" codifier="convention"></calypso:identifier><calypso:calypsoBusinessKey><calypso:com.calypso.jaxb.xml.BusinessKeyEntry><calypso:propertyName>domainName</calypso:propertyName><calypso:propertyValue>tradeStatus</calypso:propertyValue></calypso:com.calypso.jaxb.xml.BusinessKeyEntry><calypso:com.calypso.jaxb.xml.BusinessKeyEntry><calypso:propertyName>value</calypso:propertyName><calypso:propertyValue>VERIFIED</calypso:propertyValue></calypso:com.calypso.jaxb.xml.BusinessKeyEntry></calypso:calypsoBusinessKey></calypso:identifiers><calypso:dependencies><calypso:dependency><calypso:identifiers><calypso:type>com.calypso.tk.refdata.DomainValueAdapter</calypso:type><calypso:separator>#</calypso:separator><calypso:identifier code="domainName#tradeStatus" codifier="convention"></calypso:identifier><calypso:calypsoBusinessKey><calypso:com.calypso.jaxb.xml.BusinessKeyEntry><calypso:propertyName>domainName</calypso:propertyName><calypso:propertyValue>domainName</calypso:propertyValue></calypso:com.calypso.jaxb.xml.BusinessKeyEntry><calypso:com.calypso.jaxb.xml.BusinessKeyEntry><calypso:propertyName>value</calypso:propertyName><calypso:propertyValue>tradeStatus</calypso:propertyValue></calypso:com.calypso.jaxb.xml.BusinessKeyEntry></calypso:calypsoBusinessKey></calypso:identifiers><calypso:excluded>false</calypso:excluded></calypso:dependency></calypso:dependencies></calypso:item><calypso:item><calypso:identifiers><calypso:type>com.calypso.tk.refdata.DomainValueAdapter</calypso:type><calypso:separator>#</calypso:separator><calypso:identifier code="domainName#securityCode" codifier="convention"></calypso:identifier><calypso:calypsoBusinessKey><calypso:com.calypso.jaxb.xml.BusinessKeyEntry><calypso:propertyName>domainName</calypso:propertyName><calypso:propertyValue>domainName</calypso:propertyValue></calypso:com.calypso.jaxb.xml.BusinessKeyEntry><calypso:com.calypso.jaxb.xml.BusinessKeyEntry><calypso:propertyName>value</calypso:propertyName><calypso:propertyValue>securityCode</calypso:propertyValue></calypso:com.calypso.jaxb.xml.BusinessKeyEntry></calypso:calypsoBusinessKey></calypso:identifiers><calypso:dependencies></calypso:dependencies></calypso:item><calypso:item><calypso:identifiers><calypso:type>com.calypso.tk.refdata.DomainValueAdapter</calypso:type><calypso:separator>#</calypso:separator><calypso:identifier code="securityCode#ISIN" codifier="convention"></calypso:identifier><calypso:calypsoBusinessKey><calypso:com.calypso.jaxb.xml.BusinessKeyEntry><calypso:propertyName>domainName</calypso:propertyName><calypso:propertyValue>securityCode</calypso:propertyValue></calypso:com.calypso.jaxb.xml.BusinessKeyEntry><calypso:com.calypso.jaxb.xml.BusinessKeyEntry><calypso:propertyName>value</calypso:propertyName><calypso:propertyValue>ISIN</calypso:propertyValue></calypso:com.calypso.jaxb.xml.BusinessKeyEntry></calypso:calypsoBusinessKey></calypso:identifiers><calypso:dependencies><calypso:dependency><calypso:identifiers><calypso:type>com.calypso.tk.refdata.DomainValueAdapter</calypso:type><calypso:separator>#</calypso:separator><calypso:identifier code="domainName#securityCode" codifier="convention"></calypso:identifier><calypso:calypsoBusinessKey><calypso:com.calypso.jaxb.xml.BusinessKeyEntry><calypso:propertyName>domainName</calypso:propertyName><calypso:propertyValue>domainName</calypso:propertyValue></calypso:com.calypso.jaxb.xml.BusinessKeyEntry><calypso:com.calypso.jaxb.xml.BusinessKeyEntry><calypso:propertyName>value</calypso:propertyName><calypso:propertyValue>securityCode</calypso:propertyValue></calypso:com.calypso.jaxb.xml.BusinessKeyEntry></calypso:calypsoBusinessKey></calypso:identifiers><calypso:excluded>false</calypso:excluded></calypso:dependency></calypso:dependencies></calypso:item><calypso:item><calypso:identifiers><calypso:type>com.calypso.tk.refdata.ProductCode</calypso:type><calypso:identifier code="ISIN" codifier="convention"></calypso:identifier><calypso:calypsoBusinessKey><calypso:com.calypso.jaxb.xml.BusinessKeyEntry><calypso:propertyName>code</calypso:propertyName><calypso:propertyValue>ISIN</calypso:propertyValue></calypso:com.calypso.jaxb.xml.BusinessKeyEntry></calypso:calypsoBusinessKey></calypso:identifiers><calypso:dependencies><calypso:dependency><calypso:identifiers><calypso:type>com.calypso.tk.refdata.DomainValueAdapter</calypso:type><calypso:separator>#</calypso:separator><calypso:identifier code="securityCode#ISIN" codifier="convention"></calypso:identifier><calypso:calypsoBusinessKey><calypso:com.calypso.jaxb.xml.BusinessKeyEntry><calypso:propertyName>domainName</calypso:propertyName><calypso:propertyValue>securityCode</calypso:propertyValue></calypso:com.calypso.jaxb.xml.BusinessKeyEntry><calypso:com.calypso.jaxb.xml.BusinessKeyEntry><calypso:propertyName>value</calypso:propertyName><calypso:propertyValue>ISIN</calypso:propertyValue></calypso:com.calypso.jaxb.xml.BusinessKeyEntry></calypso:calypsoBusinessKey></calypso:identifiers><calypso:excluded>false</calypso:excluded></calypso:dependency></calypso:dependencies></calypso:item><calypso:item><calypso:identifiers><calypso:type>com.calypso.tk.report.ReportTemplate</calypso:type><calypso:separator>#</calypso:separator><calypso:identifier code="TriOptima#TriOptima_IRD#calypso_user#false" codifier="convention"></calypso:identifier><calypso:calypsoBusinessKey><calypso:com.calypso.jaxb.xml.BusinessKeyEntry><calypso:propertyName>reportType</calypso:propertyName><calypso:propertyValue>TriOptima</calypso:propertyValue></calypso:com.calypso.jaxb.xml.BusinessKeyEntry><calypso:com.calypso.jaxb.xml.BusinessKeyEntry><calypso:propertyName>templateName</calypso:propertyName><calypso:propertyValue>TriOptima_IRD</calypso:propertyValue></calypso:com.calypso.jaxb.xml.BusinessKeyEntry><calypso:com.calypso.jaxb.xml.BusinessKeyEntry><calypso:propertyName>user</calypso:propertyName><calypso:propertyValue>calypso_user</calypso:propertyValue></calypso:com.calypso.jaxb.xml.BusinessKeyEntry><calypso:com.calypso.jaxb.xml.BusinessKeyEntry><calypso:propertyName>isPrivate</calypso:propertyName><calypso:propertyValue>false</calypso:propertyValue></calypso:com.calypso.jaxb.xml.BusinessKeyEntry></calypso:calypsoBusinessKey></calypso:identifiers><calypso:dependencies><calypso:dependency><calypso:identifiers><calypso:type>com.calypso.tk.refdata.DomainValueAdapter</calypso:type><calypso:separator>#</calypso:separator><calypso:identifier code="tradeStatus#VERIFIED" codifier="convention"></calypso:identifier><calypso:calypsoBusinessKey><calypso:com.calypso.jaxb.xml.BusinessKeyEntry><calypso:propertyName>domainName</calypso:propertyName><calypso:propertyValue>tradeStatus</calypso:propertyValue></calypso:com.calypso.jaxb.xml.BusinessKeyEntry><calypso:com.calypso.jaxb.xml.BusinessKeyEntry><calypso:propertyName>value</calypso:propertyName><calypso:propertyValue>VERIFIED</calypso:propertyValue></calypso:com.calypso.jaxb.xml.BusinessKeyEntry></calypso:calypsoBusinessKey></calypso:identifiers><calypso:excluded>false</calypso:excluded></calypso:dependency><calypso:dependency><calypso:identifiers><calypso:type>com.calypso.tk.refdata.ProductCode</calypso:type><calypso:identifier code="ISIN" codifier="convention"></calypso:identifier><calypso:calypsoBusinessKey><calypso:com.calypso.jaxb.xml.BusinessKeyEntry><calypso:propertyName>code</calypso:propertyName><calypso:propertyValue>ISIN</calypso:propertyValue></calypso:com.calypso.jaxb.xml.BusinessKeyEntry></calypso:calypsoBusinessKey></calypso:identifiers><calypso:excluded>false</calypso:excluded></calypso:dependency><calypso:dependency><calypso:identifiers><calypso:type>com.calypso.tk.refdata.DomainValueAdapter</calypso:type><calypso:separator>#</calypso:separator><calypso:identifier code="REPORT.Types#TriOptima" codifier="convention"></calypso:identifier><calypso:calypsoBusinessKey><calypso:com.calypso.jaxb.xml.BusinessKeyEntry><calypso:propertyName>domainName</calypso:propertyName><calypso:propertyValue>REPORT.Types</calypso:propertyValue></calypso:com.calypso.jaxb.xml.BusinessKeyEntry><calypso:com.calypso.jaxb.xml.BusinessKeyEntry><calypso:propertyName>value</calypso:propertyName><calypso:propertyValue>TriOptima</calypso:propertyValue></calypso:com.calypso.jaxb.xml.BusinessKeyEntry></calypso:calypsoBusinessKey></calypso:identifiers><calypso:excluded>false</calypso:excluded></calypso:dependency><calypso:dependency><calypso:identifiers><calypso:type>com.calypso.tk.mo.TradeFilter</calypso:type><calypso:identifier code="TriOptima_IRD" codifier="convention"></calypso:identifier><calypso:calypsoBusinessKey><calypso:com.calypso.jaxb.xml.BusinessKeyEntry><calypso:propertyName>name</calypso:propertyName><calypso:propertyValue>TriOptima_IRD</calypso:propertyValue></calypso:com.calypso.jaxb.xml.BusinessKeyEntry></calypso:calypsoBusinessKey></calypso:identifiers><calypso:excluded>false</calypso:excluded></calypso:dependency></calypso:dependencies></calypso:item><calypso:item><calypso:identifiers><calypso:type>com.calypso.tk.refdata.DomainValueAdapter</calypso:type><calypso:separator>#</calypso:separator><calypso:identifier code="domainName#REPORT.Types" codifier="convention"></calypso:identifier><calypso:calypsoBusinessKey><calypso:com.calypso.jaxb.xml.BusinessKeyEntry><calypso:propertyName>domainName</calypso:propertyName><calypso:propertyValue>domainName</calypso:propertyValue></calypso:com.calypso.jaxb.xml.BusinessKeyEntry><calypso:com.calypso.jaxb.xml.BusinessKeyEntry><calypso:propertyName>value</calypso:propertyName><calypso:propertyValue>REPORT.Types</calypso:propertyValue></calypso:com.calypso.jaxb.xml.BusinessKeyEntry></calypso:calypsoBusinessKey></calypso:identifiers><calypso:dependencies></calypso:dependencies></calypso:item><calypso:item><calypso:identifiers><calypso:type>com.calypso.tk.refdata.DomainValueAdapter</calypso:type><calypso:separator>#</calypso:separator><calypso:identifier code="REPORT.Types#TriOptima" codifier="convention"></calypso:identifier><calypso:calypsoBusinessKey><calypso:com.calypso.jaxb.xml.BusinessKeyEntry><calypso:propertyName>domainName</calypso:propertyName><calypso:propertyValue>REPORT.Types</calypso:propertyValue></calypso:com.calypso.jaxb.xml.BusinessKeyEntry><calypso:com.calypso.jaxb.xml.BusinessKeyEntry><calypso:propertyName>value</calypso:propertyName><calypso:propertyValue>TriOptima</calypso:propertyValue></calypso:com.calypso.jaxb.xml.BusinessKeyEntry></calypso:calypsoBusinessKey></calypso:identifiers><calypso:dependencies><calypso:dependency><calypso:identifiers><calypso:type>com.calypso.tk.refdata.DomainValueAdapter</calypso:type><calypso:separator>#</calypso:separator><calypso:identifier code="domainName#REPORT.Types" codifier="convention"></calypso:identifier><calypso:calypsoBusinessKey><calypso:com.calypso.jaxb.xml.BusinessKeyEntry><calypso:propertyName>domainName</calypso:propertyName><calypso:propertyValue>domainName</calypso:propertyValue></calypso:com.calypso.jaxb.xml.BusinessKeyEntry><calypso:com.calypso.jaxb.xml.BusinessKeyEntry><calypso:propertyName>value</calypso:propertyName><calypso:propertyValue>REPORT.Types</calypso:propertyValue></calypso:com.calypso.jaxb.xml.BusinessKeyEntry></calypso:calypsoBusinessKey></calypso:identifiers><calypso:excluded>false</calypso:excluded></calypso:dependency></calypso:dependencies></calypso:item><calypso:item><calypso:identifiers><calypso:type>com.calypso.tk.refdata.DomainValueAdapter</calypso:type><calypso:separator>#</calypso:separator><calypso:identifier code="domainName#productType" codifier="convention"></calypso:identifier><calypso:calypsoBusinessKey><calypso:com.calypso.jaxb.xml.BusinessKeyEntry><calypso:propertyName>domainName</calypso:propertyName><calypso:propertyValue>domainName</calypso:propertyValue></calypso:com.calypso.jaxb.xml.BusinessKeyEntry><calypso:com.calypso.jaxb.xml.BusinessKeyEntry><calypso:propertyName>value</calypso:propertyName><calypso:propertyValue>productType</calypso:propertyValue></calypso:com.calypso.jaxb.xml.BusinessKeyEntry></calypso:calypsoBusinessKey></calypso:identifiers><calypso:dependencies></calypso:dependencies></calypso:item><calypso:item><calypso:identifiers><calypso:type>com.calypso.tk.refdata.DomainValueAdapter</calypso:type><calypso:separator>#</calypso:separator><calypso:identifier code="productType#CDSIndex" codifier="convention"></calypso:identifier><calypso:calypsoBusinessKey><calypso:com.calypso.jaxb.xml.BusinessKeyEntry><calypso:propertyName>domainName</calypso:propertyName><calypso:propertyValue>productType</calypso:propertyValue></calypso:com.calypso.jaxb.xml.BusinessKeyEntry><calypso:com.calypso.jaxb.xml.BusinessKeyEntry><calypso:propertyName>value</calypso:propertyName><calypso:propertyValue>CDSIndex</calypso:propertyValue></calypso:com.calypso.jaxb.xml.BusinessKeyEntry></calypso:calypsoBusinessKey></calypso:identifiers><calypso:dependencies><calypso:dependency><calypso:identifiers><calypso:type>com.calypso.tk.refdata.DomainValueAdapter</calypso:type><calypso:separator>#</calypso:separator><calypso:identifier code="domainName#productType" codifier="convention"></calypso:identifier><calypso:calypsoBusinessKey><calypso:com.calypso.jaxb.xml.BusinessKeyEntry><calypso:propertyName>domainName</calypso:propertyName><calypso:propertyValue>domainName</calypso:propertyValue></calypso:com.calypso.jaxb.xml.BusinessKeyEntry><calypso:com.calypso.jaxb.xml.BusinessKeyEntry><calypso:propertyName>value</calypso:propertyName><calypso:propertyValue>productType</calypso:propertyValue></calypso:com.calypso.jaxb.xml.BusinessKeyEntry></calypso:calypsoBusinessKey></calypso:identifiers><calypso:excluded>false</calypso:excluded></calypso:dependency></calypso:dependencies></calypso:item><calypso:item><calypso:identifiers><calypso:type>com.calypso.tk.refdata.DomainValueAdapter</calypso:type><calypso:separator>#</calypso:separator><calypso:identifier code="productType#CDSIndexTranche" codifier="convention"></calypso:identifier><calypso:calypsoBusinessKey><calypso:com.calypso.jaxb.xml.BusinessKeyEntry><calypso:propertyName>domainName</calypso:propertyName><calypso:propertyValue>productType</calypso:propertyValue></calypso:com.calypso.jaxb.xml.BusinessKeyEntry><calypso:com.calypso.jaxb.xml.BusinessKeyEntry><calypso:propertyName>value</calypso:propertyName><calypso:propertyValue>CDSIndexTranche</calypso:propertyValue></calypso:com.calypso.jaxb.xml.BusinessKeyEntry></calypso:calypsoBusinessKey></calypso:identifiers><calypso:dependencies><calypso:dependency><calypso:identifiers><calypso:type>com.calypso.tk.refdata.DomainValueAdapter</calypso:type><calypso:separator>#</calypso:separator><calypso:identifier code="domainName#productType" codifier="convention"></calypso:identifier><calypso:calypsoBusinessKey><calypso:com.calypso.jaxb.xml.BusinessKeyEntry><calypso:propertyName>domainName</calypso:propertyName><calypso:propertyValue>domainName</calypso:propertyValue></calypso:com.calypso.jaxb.xml.BusinessKeyEntry><calypso:com.calypso.jaxb.xml.BusinessKeyEntry><calypso:propertyName>value</calypso:propertyName><calypso:propertyValue>productType</calypso:propertyValue></calypso:com.calypso.jaxb.xml.BusinessKeyEntry></calypso:calypsoBusinessKey></calypso:identifiers><calypso:excluded>false</calypso:excluded></calypso:dependency></calypso:dependencies></calypso:item><calypso:item><calypso:identifiers><calypso:type>com.calypso.tk.refdata.DomainValueAdapter</calypso:type><calypso:separator>#</calypso:separator><calypso:identifier code="productType#CreditDefaultSwap" codifier="convention"></calypso:identifier><calypso:calypsoBusinessKey><calypso:com.calypso.jaxb.xml.BusinessKeyEntry><calypso:propertyName>domainName</calypso:propertyName><calypso:propertyValue>productType</calypso:propertyValue></calypso:com.calypso.jaxb.xml.BusinessKeyEntry><calypso:com.calypso.jaxb.xml.BusinessKeyEntry><calypso:propertyName>value</calypso:propertyName><calypso:propertyValue>CreditDefaultSwap</calypso:propertyValue></calypso:com.calypso.jaxb.xml.BusinessKeyEntry></calypso:calypsoBusinessKey></calypso:identifiers><calypso:dependencies><calypso:dependency><calypso:identifiers><calypso:type>com.calypso.tk.refdata.DomainValueAdapter</calypso:type><calypso:separator>#</calypso:separator><calypso:identifier code="domainName#productType" codifier="convention"></calypso:identifier><calypso:calypsoBusinessKey><calypso:com.calypso.jaxb.xml.BusinessKeyEntry><calypso:propertyName>domainName</calypso:propertyName><calypso:propertyValue>domainName</calypso:propertyValue></calypso:com.calypso.jaxb.xml.BusinessKeyEntry><calypso:com.calypso.jaxb.xml.BusinessKeyEntry><calypso:propertyName>value</calypso:propertyName><calypso:propertyValue>productType</calypso:propertyValue></calypso:com.calypso.jaxb.xml.BusinessKeyEntry></calypso:calypsoBusinessKey></calypso:identifiers><calypso:excluded>false</calypso:excluded></calypso:dependency></calypso:dependencies></calypso:item><calypso:item><calypso:identifiers><calypso:type>com.calypso.tk.mo.TradeFilter</calypso:type><calypso:identifier code="TriOptima_CRD" codifier="convention"></calypso:identifier><calypso:calypsoBusinessKey><calypso:com.calypso.jaxb.xml.BusinessKeyEntry><calypso:propertyName>name</calypso:propertyName><calypso:propertyValue>TriOptima_CRD</calypso:propertyValue></calypso:com.calypso.jaxb.xml.BusinessKeyEntry></calypso:calypsoBusinessKey></calypso:identifiers><calypso:dependencies><calypso:dependency><calypso:identifiers><calypso:type>com.calypso.tk.refdata.DomainValueAdapter</calypso:type><calypso:separator>#</calypso:separator><calypso:identifier code="productType#CDSIndex" codifier="convention"></calypso:identifier><calypso:calypsoBusinessKey><calypso:com.calypso.jaxb.xml.BusinessKeyEntry><calypso:propertyName>domainName</calypso:propertyName><calypso:propertyValue>productType</calypso:propertyValue></calypso:com.calypso.jaxb.xml.BusinessKeyEntry><calypso:com.calypso.jaxb.xml.BusinessKeyEntry><calypso:propertyName>value</calypso:propertyName><calypso:propertyValue>CDSIndex</calypso:propertyValue></calypso:com.calypso.jaxb.xml.BusinessKeyEntry></calypso:calypsoBusinessKey></calypso:identifiers><calypso:excluded>false</calypso:excluded></calypso:dependency><calypso:dependency><calypso:identifiers><calypso:type>com.calypso.tk.refdata.DomainValueAdapter</calypso:type><calypso:separator>#</calypso:separator><calypso:identifier code="productType#CDSIndexTranche" codifier="convention"></calypso:identifier><calypso:calypsoBusinessKey><calypso:com.calypso.jaxb.xml.BusinessKeyEntry><calypso:propertyName>domainName</calypso:propertyName><calypso:propertyValue>productType</calypso:propertyValue></calypso:com.calypso.jaxb.xml.BusinessKeyEntry><calypso:com.calypso.jaxb.xml.BusinessKeyEntry><calypso:propertyName>value</calypso:propertyName><calypso:propertyValue>CDSIndexTranche</calypso:propertyValue></calypso:com.calypso.jaxb.xml.BusinessKeyEntry></calypso:calypsoBusinessKey></calypso:identifiers><calypso:excluded>false</calypso:excluded></calypso:dependency><calypso:dependency><calypso:identifiers><calypso:type>com.calypso.tk.refdata.DomainValueAdapter</calypso:type><calypso:separator>#</calypso:separator><calypso:identifier code="productType#CreditDefaultSwap" codifier="convention"></calypso:identifier><calypso:calypsoBusinessKey><calypso:com.calypso.jaxb.xml.BusinessKeyEntry><calypso:propertyName>domainName</calypso:propertyName><calypso:propertyValue>productType</calypso:propertyValue></calypso:com.calypso.jaxb.xml.BusinessKeyEntry><calypso:com.calypso.jaxb.xml.BusinessKeyEntry><calypso:propertyName>value</calypso:propertyName><calypso:propertyValue>CreditDefaultSwap</calypso:propertyValue></calypso:com.calypso.jaxb.xml.BusinessKeyEntry></calypso:calypsoBusinessKey></calypso:identifiers><calypso:excluded>false</calypso:excluded></calypso:dependency></calypso:dependencies></calypso:item><calypso:item><calypso:identifiers><calypso:type>com.calypso.tk.refdata.DomainValueAdapter</calypso:type><calypso:separator>#</calypso:separator><calypso:identifier code="domainName#tradeStatus" codifier="convention"></calypso:identifier><calypso:calypsoBusinessKey><calypso:com.calypso.jaxb.xml.BusinessKeyEntry><calypso:propertyName>domainName</calypso:propertyName><calypso:propertyValue>domainName</calypso:propertyValue></calypso:com.calypso.jaxb.xml.BusinessKeyEntry><calypso:com.calypso.jaxb.xml.BusinessKeyEntry><calypso:propertyName>value</calypso:propertyName><calypso:propertyValue>tradeStatus</calypso:propertyValue></calypso:com.calypso.jaxb.xml.BusinessKeyEntry></calypso:calypsoBusinessKey></calypso:identifiers><calypso:dependencies></calypso:dependencies></calypso:item><calypso:item><calypso:identifiers><calypso:type>com.calypso.tk.refdata.DomainValueAdapter</calypso:type><calypso:separator>#</calypso:separator><calypso:identifier code="tradeStatus#VERIFIED" codifier="convention"></calypso:identifier><calypso:calypsoBusinessKey><calypso:com.calypso.jaxb.xml.BusinessKeyEntry><calypso:propertyName>domainName</calypso:propertyName><calypso:propertyValue>tradeStatus</calypso:propertyValue></calypso:com.calypso.jaxb.xml.BusinessKeyEntry><calypso:com.calypso.jaxb.xml.BusinessKeyEntry><calypso:propertyName>value</calypso:propertyName><calypso:propertyValue>VERIFIED</calypso:propertyValue></calypso:com.calypso.jaxb.xml.BusinessKeyEntry></calypso:calypsoBusinessKey></calypso:identifiers><calypso:dependencies><calypso:dependency><calypso:identifiers><calypso:type>com.calypso.tk.refdata.DomainValueAdapter</calypso:type><calypso:separator>#</calypso:separator><calypso:identifier code="domainName#tradeStatus" codifier="convention"></calypso:identifier><calypso:calypsoBusinessKey><calypso:com.calypso.jaxb.xml.BusinessKeyEntry><calypso:propertyName>domainName</calypso:propertyName><calypso:propertyValue>domainName</calypso:propertyValue></calypso:com.calypso.jaxb.xml.BusinessKeyEntry><calypso:com.calypso.jaxb.xml.BusinessKeyEntry><calypso:propertyName>value</calypso:propertyName><calypso:propertyValue>tradeStatus</calypso:propertyValue></calypso:com.calypso.jaxb.xml.BusinessKeyEntry></calypso:calypsoBusinessKey></calypso:identifiers><calypso:excluded>false</calypso:excluded></calypso:dependency></calypso:dependencies></calypso:item><calypso:item><calypso:identifiers><calypso:type>com.calypso.tk.refdata.DomainValueAdapter</calypso:type><calypso:separator>#</calypso:separator><calypso:identifier code="domainName#securityCode" codifier="convention"></calypso:identifier><calypso:calypsoBusinessKey><calypso:com.calypso.jaxb.xml.BusinessKeyEntry><calypso:propertyName>domainName</calypso:propertyName><calypso:propertyValue>domainName</calypso:propertyValue></calypso:com.calypso.jaxb.xml.BusinessKeyEntry><calypso:com.calypso.jaxb.xml.BusinessKeyEntry><calypso:propertyName>value</calypso:propertyName><calypso:propertyValue>securityCode</calypso:propertyValue></calypso:com.calypso.jaxb.xml.BusinessKeyEntry></calypso:calypsoBusinessKey></calypso:identifiers><calypso:dependencies></calypso:dependencies></calypso:item><calypso:item><calypso:identifiers><calypso:type>com.calypso.tk.refdata.DomainValueAdapter</calypso:type><calypso:separator>#</calypso:separator><calypso:identifier code="securityCode#ISIN" codifier="convention"></calypso:identifier><calypso:calypsoBusinessKey><calypso:com.calypso.jaxb.xml.BusinessKeyEntry><calypso:propertyName>domainName</calypso:propertyName><calypso:propertyValue>securityCode</calypso:propertyValue></calypso:com.calypso.jaxb.xml.BusinessKeyEntry><calypso:com.calypso.jaxb.xml.BusinessKeyEntry><calypso:propertyName>value</calypso:propertyName><calypso:propertyValue>ISIN</calypso:propertyValue></calypso:com.calypso.jaxb.xml.BusinessKeyEntry></calypso:calypsoBusinessKey></calypso:identifiers><calypso:dependencies><calypso:dependency><calypso:identifiers><calypso:type>com.calypso.tk.refdata.DomainValueAdapter</calypso:type><calypso:separator>#</calypso:separator><calypso:identifier code="domainName#securityCode" codifier="convention"></calypso:identifier><calypso:calypsoBusinessKey><calypso:com.calypso.jaxb.xml.BusinessKeyEntry><calypso:propertyName>domainName</calypso:propertyName><calypso:propertyValue>domainName</calypso:propertyValue></calypso:com.calypso.jaxb.xml.BusinessKeyEntry><calypso:com.calypso.jaxb.xml.BusinessKeyEntry><calypso:propertyName>value</calypso:propertyName><calypso:propertyValue>securityCode</calypso:propertyValue></calypso:com.calypso.jaxb.xml.BusinessKeyEntry></calypso:calypsoBusinessKey></calypso:identifiers><calypso:excluded>false</calypso:excluded></calypso:dependency></calypso:dependencies></calypso:item><calypso:item><calypso:identifiers><calypso:type>com.calypso.tk.refdata.ProductCode</calypso:type><calypso:identifier code="ISIN" codifier="convention"></calypso:identifier><calypso:calypsoBusinessKey><calypso:com.calypso.jaxb.xml.BusinessKeyEntry><calypso:propertyName>code</calypso:propertyName><calypso:propertyValue>ISIN</calypso:propertyValue></calypso:com.calypso.jaxb.xml.BusinessKeyEntry></calypso:calypsoBusinessKey></calypso:identifiers><calypso:dependencies><calypso:dependency><calypso:identifiers><calypso:type>com.calypso.tk.refdata.DomainValueAdapter</calypso:type><calypso:separator>#</calypso:separator><calypso:identifier code="securityCode#ISIN" codifier="convention"></calypso:identifier><calypso:calypsoBusinessKey><calypso:com.calypso.jaxb.xml.BusinessKeyEntry><calypso:propertyName>domainName</calypso:propertyName><calypso:propertyValue>securityCode</calypso:propertyValue></calypso:com.calypso.jaxb.xml.BusinessKeyEntry><calypso:com.calypso.jaxb.xml.BusinessKeyEntry><calypso:propertyName>value</calypso:propertyName><calypso:propertyValue>ISIN</calypso:propertyValue></calypso:com.calypso.jaxb.xml.BusinessKeyEntry></calypso:calypsoBusinessKey></calypso:identifiers><calypso:excluded>false</calypso:excluded></calypso:dependency></calypso:dependencies></calypso:item><calypso:item><calypso:identifiers><calypso:type>com.calypso.tk.report.ReportTemplate</calypso:type><calypso:separator>#</calypso:separator><calypso:identifier code="TriOptima#TriOptima_CRD#calypso_user#false" codifier="convention"></calypso:identifier><calypso:calypsoBusinessKey><calypso:com.calypso.jaxb.xml.BusinessKeyEntry><calypso:propertyName>reportType</calypso:propertyName><calypso:propertyValue>TriOptima</calypso:propertyValue></calypso:com.calypso.jaxb.xml.BusinessKeyEntry><calypso:com.calypso.jaxb.xml.BusinessKeyEntry><calypso:propertyName>templateName</calypso:propertyName><calypso:propertyValue>TriOptima_CRD</calypso:propertyValue></calypso:com.calypso.jaxb.xml.BusinessKeyEntry><calypso:com.calypso.jaxb.xml.BusinessKeyEntry><calypso:propertyName>user</calypso:propertyName><calypso:propertyValue>calypso_user</calypso:propertyValue></calypso:com.calypso.jaxb.xml.BusinessKeyEntry><calypso:com.calypso.jaxb.xml.BusinessKeyEntry><calypso:propertyName>isPrivate</calypso:propertyName><calypso:propertyValue>false</calypso:propertyValue></calypso:com.calypso.jaxb.xml.BusinessKeyEntry></calypso:calypsoBusinessKey></calypso:identifiers><calypso:dependencies><calypso:dependency><calypso:identifiers><calypso:type>com.calypso.tk.refdata.DomainValueAdapter</calypso:type><calypso:separator>#</calypso:separator><calypso:identifier code="tradeStatus#VERIFIED" codifier="convention"></calypso:identifier><calypso:calypsoBusinessKey><calypso:com.calypso.jaxb.xml.BusinessKeyEntry><calypso:propertyName>domainName</calypso:propertyName><calypso:propertyValue>tradeStatus</calypso:propertyValue></calypso:com.calypso.jaxb.xml.BusinessKeyEntry><calypso:com.calypso.jaxb.xml.BusinessKeyEntry><calypso:propertyName>value</calypso:propertyName><calypso:propertyValue>VERIFIED</calypso:propertyValue></calypso:com.calypso.jaxb.xml.BusinessKeyEntry></calypso:calypsoBusinessKey></calypso:identifiers><calypso:excluded>false</calypso:excluded></calypso:dependency><calypso:dependency><calypso:identifiers><calypso:type>com.calypso.tk.refdata.ProductCode</calypso:type><calypso:identifier code="ISIN" codifier="convention"></calypso:identifier><calypso:calypsoBusinessKey><calypso:com.calypso.jaxb.xml.BusinessKeyEntry><calypso:propertyName>code</calypso:propertyName><calypso:propertyValue>ISIN</calypso:propertyValue></calypso:com.calypso.jaxb.xml.BusinessKeyEntry></calypso:calypsoBusinessKey></calypso:identifiers><calypso:excluded>false</calypso:excluded></calypso:dependency><calypso:dependency><calypso:identifiers><calypso:type>com.calypso.tk.refdata.DomainValueAdapter</calypso:type><calypso:separator>#</calypso:separator><calypso:identifier code="REPORT.Types#TriOptima" codifier="convention"></calypso:identifier><calypso:calypsoBusinessKey><calypso:com.calypso.jaxb.xml.BusinessKeyEntry><calypso:propertyName>domainName</calypso:propertyName><calypso:propertyValue>REPORT.Types</calypso:propertyValue></calypso:com.calypso.jaxb.xml.BusinessKeyEntry><calypso:com.calypso.jaxb.xml.BusinessKeyEntry><calypso:propertyName>value</calypso:propertyName><calypso:propertyValue>TriOptima</calypso:propertyValue></calypso:com.calypso.jaxb.xml.BusinessKeyEntry></calypso:calypsoBusinessKey></calypso:identifiers><calypso:excluded>false</calypso:excluded></calypso:dependency><calypso:dependency><calypso:identifiers><calypso:type>com.calypso.tk.mo.TradeFilter</calypso:type><calypso:identifier code="TriOptima_CRD" codifier="convention"></calypso:identifier><calypso:calypsoBusinessKey><calypso:com.calypso.jaxb.xml.BusinessKeyEntry><calypso:propertyName>name</calypso:propertyName><calypso:propertyValue>TriOptima_CRD</calypso:propertyValue></calypso:com.calypso.jaxb.xml.BusinessKeyEntry></calypso:calypsoBusinessKey></calypso:identifiers><calypso:excluded>false</calypso:excluded></calypso:dependency></calypso:dependencies></calypso:item></calypso:items>